year,2300,2400,2500,2600,pool_total,pool_excl_principals,adj_to_2026,2300_real,2400_real,2500_real,2600_real,pool_total_real,pool_excl_principals_real
2012,1375124.0,4413651.0,894202.0,2192935.0,8875912.0,4462261.0,1.435142033328397,1973498.2534386788,6334216.070541913,1283306.8764863194,3147173.1948570083,12738194.39532392,6403978.324782006
2013,1321888.0,4427900.0,1030193.0,2161576.0,8941557.0,4513657.0,1.4144241211897475,1869710.2727112728,6262928.566216083,1457129.8286808296,3057385.2341848495,12647153.901793035,6384225.335576952
2014,1397373.0,5071854.0,1117387.0,2238079.0,9824693.0,4752839.0,1.3918457691267911,1944927.6979420115,7059238.531528792,1555230.3684272778,3115060.7871215194,13674457.3850196,6615218.853490809
2015,1509417.0,5307323.0,1124321.0,2342316.0,10283377.0,4976054.0,1.3901956399751916,2098384.9323044335,7378217.294540053,1563026.1521325475,3256277.490644131,14295905.869621165,6917688.575081112
2016,1748574.0,5234681.0,1081287.0,2216414.0,10280956.0,5046275.0,1.3728766244317874,2400576.370689188,7186571.1812572135,1484473.646601974,3042862.9706633557,14114484.16921173,6927912.987954518
2017,2485368.0,5249541.0,1058389.0,2872549.0,11665847.0,6416306.0,1.3442395561357703,3340929.977154047,7056640.663756528,1422728.3595789818,3861393.9927382506,15681692.993227808,8625052.329471279
2018,2870882.0,5262278.0,1012533.0,2850949.0,11996642.0,6734364.0,1.3121896243434075,3767141.5731142503,6905106.592010577,1328635.2969053034,3740985.697332213,15741869.159362344,8836762.567351768
2019,2605015.0,5350923.0,947902.0,3112052.0,12015892.0,6664969.0,1.2888362141462975,3357437.6703943172,6896463.3415083485,1221690.4250617037,4010925.317906413,15486516.754870782,8590053.413362434
2020,3146426.0,5293452.0,1014126.0,3301195.0,12755199.0,7461747.0,1.2731298128750326,4005808.744605137,6739251.554222967,1291114.0446117052,4202849.772613993,16239024.116053803,9499772.561830835
2021,3582464.0,6747878.0,1030992.0,3082947.0,14444281.0,7696403.0,1.2160017714138096,4356282.570026202,8205431.601284275,1253688.0983134664,3748869.01317489,17564271.282798834,9358839.68151456
2022,3756012.0,6574096.0,1207057.0,3877845.0,15415010.0,8840914.0,1.1258990962054296,4228890.516136748,7401768.74476773,1359024.3853684373,4366062.180724744,17355745.82699766,9953977.082229929
2023,5086537.0,6972600.0,1346043.0,4323884.0,17729064.0,10756464.0,1.0813844346279315,5500501.937959055,7540061.108886716,1455589.9485398848,4675780.854736759,19171933.850122415,11631872.7412357
2024,4537723.0,7264612.0,1234871.0,4412807.0,17450013.0,10185401.0,1.0504034250483758,4766439.781120791,7630773.326447532,1297112.727892913,4635227.5868774485,18329553.422338683,10698780.095891152
2025,4671006.0,7337956.0,1273588.0,3816761.0,17099311.0,9761355.0,1.0221808593144097,4774612.926942764,7500718.169691329,1301837.2762525205,3901420.038777726,17478588.411664337,9977870.241973009
