fiscal_year,general_admin_2300,school_admin_2400,business_services_2500,central_support_2600,total_admin_pool
2012,1973498,6334216,1283307,3147173,12738194
2013,1869710,6262929,1457130,3057385,12647154
2014,1944928,7059239,1555230,3115061,13674457
2015,2098385,7378217,1563026,3256277,14295906
2016,2400576,7186571,1484474,3042863,14114484
2017,3340930,7056641,1422728,3861394,15681693
2018,3767142,6905107,1328635,3740986,15741869
2019,3357438,6896463,1221690,4010925,15486517
2020,4005809,6739252,1291114,4202850,16239024
2021,4356283,8205432,1253688,3748869,17564271
2022,4228891,7401769,1359024,4366062,17355746
2023,5500502,7540061,1455590,4675781,19171934
2024,4766440,7630773,1297113,4635228,18329553
2025,4774613,7500718,1301837,3901420,17478588
