year,school_year,role_class,last_name,first_name,position,total_comp,threshold_indexed,counted_as_higher_paid
2016,SY2015-16,IMRF Support Staff,LOGLI,MARIA,,175584,75000,YES
2016,SY2015-16,IMRF Support Staff,GODARD,PETER,,143390,75000,YES
2016,SY2015-16,IMRF Support Staff,CARAVELLO,JOSEPH,,141413,75000,YES
2016,SY2015-16,IMRF Support Staff,TAIRA,LORA,,129368,75000,YES
2016,SY2015-16,IMRF Support Staff,RYAN,JORDAN,,124510,75000,YES
2016,SY2015-16,IMRF Support Staff,HARRISON,EDWARD,,122184,75000,YES
2016,SY2015-16,IMRF Support Staff,WACKER,ERIC,,112734,75000,YES
2016,SY2015-16,IMRF Support Staff,WATSON,CATHRYN,,111201,75000,YES
2016,SY2015-16,IMRF Support Staff,SALMONS,JULIE,,105104,75000,YES
2016,SY2015-16,IMRF Support Staff,KENT,BONNIE,,101123,75000,YES
2016,SY2015-16,IMRF Support Staff,KUNG-LI,SUZANNE,,99257,75000,YES
2016,SY2015-16,IMRF Support Staff,MCCONNER,ANGELA,,99257,75000,YES
2016,SY2015-16,IMRF Support Staff,JOHNSON,ANGELA,,95458,75000,YES
2016,SY2015-16,IMRF Support Staff,BURKE,SHEILA,,93965,75000,YES
2016,SY2015-16,IMRF Support Staff,VALENZUELA,MARIA,,93965,75000,YES
2016,SY2015-16,IMRF Support Staff,MATOS,YVONNE,,93426,75000,YES
2016,SY2015-16,IMRF Support Staff,BEYER,KATHERINE,,92920,75000,YES
2016,SY2015-16,IMRF Support Staff,HARRIES,LINDA,,92585,75000,YES
2016,SY2015-16,IMRF Support Staff,JONES,CATRINA,,91898,75000,YES
2016,SY2015-16,IMRF Support Staff,VALVERDE,LAUREN,,90236,75000,YES
2016,SY2015-16,IMRF Support Staff,MESSINGER,MELISSA,,89302,75000,YES
2016,SY2015-16,IMRF Support Staff,CRNOVICH,TODD,,87870,75000,YES
2016,SY2015-16,IMRF Support Staff,KENT,ARTHUR,,87120,75000,YES
2016,SY2015-16,IMRF Support Staff,AANERUD,MARK,,86162,75000,YES
2016,SY2015-16,IMRF Support Staff,SCHRAMM,TERESA,,84128,75000,YES
2016,SY2015-16,IMRF Support Staff,CARTER,CHARLOTTE,,82850,75000,YES
2016,SY2015-16,IMRF Support Staff,KELLY,KIMBERLY,,81825,75000,YES
2016,SY2015-16,IMRF Support Staff,AANERUD,GLENN,,79850,75000,YES
2016,SY2015-16,IMRF Support Staff,QURESHI,ADEELA,,75959,75000,YES
2016,SY2015-16,IMRF Support Staff,DUCASSE,CHRISTOPHER,,75602,75000,YES
2016,SY2015-16,Principal,BROWN,JEFFREY,12-MONTH PRINCIPAL,185154,75000,YES
2016,SY2015-16,Principal,MCHOLLAND,JAMES,12-MONTH PRINCIPAL,185154,75000,YES
2016,SY2015-16,Principal,ROBERSON,KATHLEEN,12-MONTH PRINCIPAL,184615,75000,YES
2016,SY2015-16,Principal,HUNTER,FRED,12-MONTH PRINCIPAL,180836,75000,YES
2016,SY2015-16,Principal,GROSSMAN,MARLENE,"ADMINISTRATOR, SUPERVISOR/PRINCIPAL",177184,75000,YES
2016,SY2015-16,Principal,KHELGHATI,ANDALIB,12-MONTH PRINCIPAL,177184,75000,YES
2016,SY2015-16,Principal,ELLISON,KATHARINE,12-MONTH PRINCIPAL,176756,75000,YES
2016,SY2015-16,Principal,NORWOOD,LAUREN,12-MONTH PRINCIPAL,171309,75000,YES
2016,SY2015-16,Principal,HARRIES,ADRIAN,12-MONTH PRINCIPAL,169563,75000,YES
2016,SY2015-16,Principal,FRIEDMAN,ERIK,12-MONTH PRINCIPAL,168200,75000,YES
2016,SY2015-16,Principal,BEAUDOIN,RENAUD,12-MONTH PRINCIPAL,167038,75000,YES
2016,SY2015-16,Principal,BRADLEY,KAREN,12-MONTH PRINCIPAL,167038,75000,YES
2016,SY2015-16,Principal,MURRAY,TRICIA,12-MONTH PRINCIPAL,155895,75000,YES
2016,SY2015-16,Principal,COONEY,MICHELLE,INTERIM PRINCIPAL,155889,75000,YES
2016,SY2015-16,Principal,MICHEL,JERALD,12-MONTH PRINCIPAL,151066,75000,YES
2016,SY2015-16,Principal,MENDEZ,CARLOS,10-MONTH ASST PRINCIPAL,147241,75000,YES
2016,SY2015-16,Principal,WILLIAMS,WAYNE,12-MONTH PRINCIPAL,145977,75000,YES
2016,SY2015-16,Principal,WILSON,DIONA,10-MONTH ASST PRINCIPAL,145949,75000,YES
2016,SY2015-16,Principal,BRAND,MICHELLE,"ADMINISTRATOR, SUPERVISOR/PRINCIPAL",144682,75000,YES
2016,SY2015-16,Principal,SUCCES,JERRY,10-MONTH ASST PRINCIPAL,138153,75000,YES
2016,SY2015-16,Principal,DAVIS,KATHERINE,10-MONTH ASST PRINCIPAL,136274,75000,YES
2016,SY2015-16,Principal,EDENS,ESTELLE,10-MONTH ASST PRINCIPAL,136274,75000,YES
2016,SY2015-16,Principal,LAUGHLIN,JENNIFER,10-MONTH ASST PRINCIPAL,135124,75000,YES
2016,SY2015-16,Principal,CONDON,MATTHEW,10-MONTH ASST PRINCIPAL,129065,75000,YES
2016,SY2015-16,Principal,RIEMENSCHNEIDE,ANN,10-MONTH ASST PRINCIPAL,128073,75000,YES
2016,SY2015-16,Principal,MITCHELL,JOHN,"ADMINISTRATOR, SUPERVISOR/PRINCIPAL",127923,75000,YES
2016,SY2015-16,Principal,SOKOLOWSKI,DONNA,10-MONTH ASST PRINCIPAL,123186,75000,YES
2016,SY2015-16,Principal,STEPNEY,VERNESSA,12-MONTH SUPERVISOR,119784,75000,YES
2016,SY2015-16,Principal,REYNOLDS,STEPHANIE,"ADMINISTRATOR, SUPERVISOR/PRINCIPAL",118615,75000,YES
2016,SY2015-16,Principal,SIEGLER,JOHN,"ADMINISTRATOR, SUPERVISOR/PRINCIPAL",112214,75000,YES
2016,SY2015-16,Principal,FRANCOIS-BLUE,SHALEMA,"ADMINISTRATOR, SUPERVISOR/PRINCIPAL",111555,75000,YES
2016,SY2015-16,Principal,WHARTON,AMY,10-MONTH ASST PRINCIPAL,108251,75000,YES
2016,SY2015-16,Principal,OSHER,DEBORAH,10-MONTH ASST PRINCIPAL,107877,75000,YES
2016,SY2015-16,Principal,BOURNES,MICHELLE,INTERIM ASSISTANT PRINCIPAL,101653,75000,YES
2016,SY2015-16,TRS Admin,GOREN,PAUL,SUPERINTENDENT,300579,75000,YES
2016,SY2015-16,TRS Admin,BROWN,MARY,"ASST SUPR OF BUS SRVS & TREASURER, CSBO",252790,75000,YES
2016,SY2015-16,TRS Admin,DAVIS,BEATRICE,ASSISTANT SUPERINTENDENT OF HR,229508,75000,YES
2016,SY2015-16,TRS Admin,PRICE,JOHN,ASSISTANT SUPERINTENDENT FOR SCHOOLS,214922,75000,YES
2016,SY2015-16,TRS Admin,BARTZ,JOYCE,ASSISTANT SUPERINTENDENT OF SPECIAL SERV,191593,75000,YES
2016,SY2015-16,TRS Admin,ZALEWSKI,KATHY,CHIEF SCHOOL BUSINESS OFFICIAL,175636,75000,YES
2016,SY2015-16,TRS Admin,BEARDSLEY,STACY,INTERIM EXEC DIRECTOR OF CURRICULUM & INST,159891,75000,YES
2016,SY2015-16,TRS Admin,LEITAO,LAUREN,BILINGUAL COORDINATOR,144743,75000,YES
2016,SY2015-16,TRS Admin,SMALL,AMY,EARLY CHILDHOOD COORDINATOR,138915,75000,YES
2016,SY2015-16,TRS Admin,MARTI,MATSUO,DIRECTOR OF STEM,135426,75000,YES
2016,SY2015-16,TRS Admin,LARSON,MARY,HEALTH SERVICES COORDINATOR,126531,75000,YES
2026,SY2025-26,IMRF Support Staff,TAYLOR,TIFFANY,EXECUTIVE CHIEF OF HUMAN REL,200181,102966,YES
2026,SY2025-26,IMRF Support Staff,MESSINGER,MELISSA,EXECUTIVE CHIEF OF COMMUNIC,182439,102966,YES
2026,SY2025-26,IMRF Support Staff,CALLAM,KIRBY,DIRECTOR OF STRATEGIC PROJE,167060,102966,YES
2026,SY2025-26,IMRF Support Staff,CHAMPAGNE,SABINE,DIRECTOR OF HUMAN RELATIONS,165448,102966,YES
2026,SY2025-26,IMRF Support Staff,BIAS,ASHLEY,SENIOR MANAGER OF HR OPERAT,156154,102966,YES
2026,SY2025-26,IMRF Support Staff,MASON-SCHULTZ,KATHRYN,NUTRITION SERVICES COORD - DI,153900,102966,YES
2026,SY2025-26,IMRF Support Staff,GIANNOS,DIMITRIOS,NETWORK & CYBERSECURITY MA,153015,102966,YES
2026,SY2025-26,IMRF Support Staff,HARRIS,BRYON,DIRECTOR OF CLIMATE & SAFETY,152407,102966,YES
2026,SY2025-26,IMRF Support Staff,SPERO,KATHERINE,PHYSICAL THERAPIST,151626,102966,YES
2026,SY2025-26,IMRF Support Staff,GILMORE,SHAUNA,OCCUPATIONAL THERAPIST,151489,102966,YES
2026,SY2025-26,IMRF Support Staff,GARFIELD,ELENA,OCCUPATIONAL THERAPIST,150886,102966,YES
2026,SY2025-26,IMRF Support Staff,WHYTE,OMAR,"DIRECTOR OF BUILDINGS, GROUN",148542,102966,YES
2026,SY2025-26,IMRF Support Staff,JOHNSON,ANGELA,FAMILY CENTER MANAGING DIREC,147414,102966,YES
2026,SY2025-26,IMRF Support Staff,JONES,CATRINA,QUALITY ASSURANCE MANAGER,141553,102966,YES
2026,SY2025-26,IMRF Support Staff,GATTA,LOU,TRANSPORTATION SERVICES COO,141332,102966,YES
2026,SY2025-26,IMRF Support Staff,BLOCK,JESSICA,ASST DIRECTOR OF OPERATIONS,139086,102966,YES
2026,SY2025-26,IMRF Support Staff,QURESHI,ADEELA,SCHOOL BOARD SECRETARY,137462,102966,YES
2026,SY2025-26,IMRF Support Staff,AANERUD,MARK,INFRASTRUCTURE MANAGER,135344,102966,YES
2026,SY2025-26,IMRF Support Staff,ERICKSON,ELLEN,OCCUPATIONAL THERAPIST,135048,102966,YES
2026,SY2025-26,IMRF Support Staff,GONZALEZ,CYNTHIA,PERFORMANCE MANAGEMENT AN,133259,102966,YES
2026,SY2025-26,IMRF Support Staff,HOLLOWAY,CLAUDINE,OCCUPATIONAL THERAPIST,130025,102966,YES
2026,SY2025-26,IMRF Support Staff,SKRZYPCZYNSKI,MATTHEW,MOBILE DEVICE & A/V SYSTEMS E,128709,102966,YES
2026,SY2025-26,IMRF Support Staff,CRNOVICH,TODD,SECURITY SURVEILLANCE & NTW,122531,102966,YES
2026,SY2025-26,IMRF Support Staff,MARTINEZ,CINDY,LEAVE & BENEFITS ADMINISTRAT,121896,102966,YES
2026,SY2025-26,IMRF Support Staff,GARDASEVIC,MILICA,GRANT MANAGER,121883,102966,YES
2026,SY2025-26,IMRF Support Staff,LANGE,CHRISTOPHER,SCHOOL INFORMATION SYSTEM &,120631,102966,YES
2026,SY2025-26,IMRF Support Staff,WARE,ALEXANDRA,EARLY CHILDHOOD COMPLIANCE,120132,102966,YES
2026,SY2025-26,IMRF Support Staff,KOUTAVAS,CHRISTOPHER,DATA MANAGEMENT SPECIALIST,118580,102966,YES
2026,SY2025-26,IMRF Support Staff,KELLY,KIMBERLY,STUDENT SERVICES COMPLIANCE,117930,102966,YES
2026,SY2025-26,IMRF Support Staff,BENNETT,REESHEMAY,MANAGER OF REGISTRATION & E,115752,102966,YES
2026,SY2025-26,IMRF Support Staff,ADELIZZI,LORI,WELLNESS COORDINATOR,115514,102966,YES
2026,SY2025-26,IMRF Support Staff,COZARIUC,ADRIAN,CUSTODIAN MAINTENANCE TECH,115355,102966,YES
2026,SY2025-26,IMRF Support Staff,CHUBOFF,DAVID,CUSTODIAN  MAINTENANCE TECH,111573,102966,YES
2026,SY2025-26,IMRF Support Staff,MELGAREJO,WENDY,OCCUPATIONAL THERAPIST,109191,102966,YES
2026,SY2025-26,IMRF Support Staff,BIRETA,KAREN,SUSTAINABILITY COORDINATOR,108763,102966,YES
2026,SY2025-26,IMRF Support Staff,FROST,STEVEN,SACC COORDINATOR OF EXTEND,108200,102966,YES
2026,SY2025-26,IMRF Support Staff,LAMB,NICHOLAS,INSTRUCTIONAL TECHNOLOGY SU,108145,102966,YES
2026,SY2025-26,IMRF Support Staff,DILLOW,HANNAH,COMMUNICATIONS MANAGER,108145,102966,YES
2026,SY2025-26,IMRF Support Staff,LEMA,JOSE,STUDENT SAFETY COORDINATOR,107868,102966,YES
2026,SY2025-26,IMRF Support Staff,REINERI,KELSEY,OCCUPATIONAL THERAPIST,107710,102966,YES
2026,SY2025-26,IMRF Support Staff,SARIA,CHINA,SUBSTITUTE STAFFING SPECIALIS,105943,102966,YES
2026,SY2025-26,IMRF Support Staff,DAVISON,ANDREA,NUTRITION SERVICES MANAGER,102978,102966,YES
2026,SY2025-26,IMRF Support Staff,BROWNLEE,JOHN,FACE LIASION,102390,102966,no
2026,SY2025-26,IMRF Support Staff,ADDISON,KEMBERLY,STUDENT SAFETY SPECIALIST,101989,102966,no
2026,SY2025-26,IMRF Support Staff,ANDREASEN,GENA,OCCUPATIONAL THERAPIST,101082,102966,no
2026,SY2025-26,IMRF Support Staff,BENSON,DAVID,TECHNOLOGY SPECIALIST,100502,102966,no
2026,SY2025-26,IMRF Support Staff,COX,STEPHANIE,EXECUTIVE ASSISTANT TO EXEC,100250,102966,no
2026,SY2025-26,IMRF Support Staff,HERNANDEZ,HIULDER,CUSTODIAN HEAD,100094,102966,no
2026,SY2025-26,IMRF Support Staff,HILL,HOWARD,PROGRAM MONITORING SPECIALI,99677,102966,no
2026,SY2025-26,IMRF Support Staff,EVANS,KATEE,FACE LIASION,99514,102966,no
2026,SY2025-26,IMRF Support Staff,SHEIKH,SARAH,INFANT-TODDLER MENTOR COAC,99368,102966,no
2026,SY2025-26,IMRF Support Staff,BROWN,MERVIN,ELECTRICIAN,98452,102966,no
2026,SY2025-26,IMRF Support Staff,DOUGAL,DONNA,PAYROLL SUPERVISOR,98166,102966,no
2026,SY2025-26,IMRF Support Staff,HARRISON,EARSCELL,HR SPECIALIST,97283,102966,no
2026,SY2025-26,IMRF Support Staff,ROLAND,JENNIFER,FINANCIAL SERVICES COLLECTIO,95806,102966,no
2026,SY2025-26,IMRF Support Staff,ALEMAN,MANUEL,DISTRICT TRANSLATOR / INTERPR,94415,102966,no
2026,SY2025-26,IMRF Support Staff,JOSEPH,DAWN,FACE LIASION,94237,102966,no
2026,SY2025-26,IMRF Support Staff,RILEY,BETH,STUDENT SYSTEMS AND COMPLIA,92382,102966,no
2026,SY2025-26,IMRF Support Staff,RYAN,MARYKAY,PAYROLL SPECIALIST,92054,102966,no
2026,SY2025-26,IMRF Support Staff,SHKLOVER,ANNA,HRIS/INFORMATION ANALYST,91884,102966,no
2026,SY2025-26,IMRF Support Staff,BARTON,LACHISA,FACE LIASION,90548,102966,no
2026,SY2025-26,IMRF Support Staff,RIVERA-ESCOBAR,ANA,REGISTERED NURSE,90078,102966,no
2026,SY2025-26,IMRF Support Staff,KAPPAS,JULIE,OCCUPATIONAL THERAPIST,89893,102966,no
2026,SY2025-26,IMRF Support Staff,SPADARO,REMY,NETWORK & SUPPORT ENGINEER,89769,102966,no
2026,SY2025-26,IMRF Support Staff,AGUILA,ADRIANA,PAYROLL ASSISTANT,89666,102966,no
2026,SY2025-26,IMRF Support Staff,MARTINEZ,NAYELY,FAMILY SUPPORT LEAD,89326,102966,no
2026,SY2025-26,IMRF Support Staff,ESTRELLA,CLARA,SCHOOL ADMINISTRATIVE ASSIST,88836,102966,no
2026,SY2025-26,IMRF Support Staff,WESTERFIELD,CRISTINA,OCCUPATIONAL THERAPIST,87220,102966,no
2026,SY2025-26,IMRF Support Staff,ANDERSEN,KELLIE,EARLY CHILDHOOD COMPLIANCE,87164,102966,no
2026,SY2025-26,IMRF Support Staff,BANKS,MARIO,CUSTODIAL MANAGER,87137,102966,no
2026,SY2025-26,IMRF Support Staff,FARIAS,PATTIE,EXECUTIVE ASSISTANT TO STARS,87053,102966,no
2026,SY2025-26,IMRF Support Staff,KIRKSEY,RONALD,CUSTODIAN MAINTENANCE TECH,86896,102966,no
2026,SY2025-26,IMRF Support Staff,HILL,READA,LEAD FAMILY SUPPORT SPECIALIS,86882,102966,no
2026,SY2025-26,IMRF Support Staff,CARRASCO,AMADO,TECHNOLOGY SPECIALIST,86525,102966,no
2026,SY2025-26,IMRF Support Staff,ORTIZ,FABIAN,TECHNOLOGY SPECIALIST,86298,102966,no
2026,SY2025-26,IMRF Support Staff,MAGUIRE,KATHLEEN,OCCUPATIONAL THERAPIST,86134,102966,no
2026,SY2025-26,IMRF Support Staff,TODD,ARIANA,OCCUPATIONAL THERAPIST,85461,102966,no
2026,SY2025-26,IMRF Support Staff,JONES,REESE,CUSTODIAN HEAD,85404,102966,no
2026,SY2025-26,IMRF Support Staff,RUSSELL,REBECCA,OCCUPATIONAL THERAPIST,85288,102966,no
2026,SY2025-26,IMRF Support Staff,PATRICK,BRIZHAY,HR BUSINESS PARTNER,85243,102966,no
2026,SY2025-26,IMRF Support Staff,WITTER,DERMOT,CUSTODIAN HEAD,84819,102966,no
2026,SY2025-26,IMRF Support Staff,MENDOZA,RUBEN,CUSTODIAN HEAD,83375,102966,no
2026,SY2025-26,IMRF Support Staff,KARTER,JENNIFER,REGISTERED NURSE,82413,102966,no
2026,SY2025-26,IMRF Support Staff,AGUILAR,MARCANTHONY,MACOS & SYSTEMS ENGINEER,82340,102966,no
2026,SY2025-26,IMRF Support Staff,PAPAIOANNOU,CONNIE,ACCOUNTS PAYABLE SPECIALIST,81825,102966,no
2026,SY2025-26,IMRF Support Staff,MARQUEZ,AOLANI,TECHNOLOGY SPECIALIST,81671,102966,no
2026,SY2025-26,IMRF Support Staff,SORIA,CESAR,TECHNOLOGY SPECIALIST,81671,102966,no
2026,SY2025-26,IMRF Support Staff,OATS,SHEIBA,HEALTH SERVICES SPECIALIST,81606,102966,no
2026,SY2025-26,IMRF Support Staff,GAFFIN,JANICE,REGISTERED NURSE,80622,102966,no
2026,SY2025-26,IMRF Support Staff,MICHEL,ISABELLA,FINANCIAL & PROCUREMENT SPE,79948,102966,no
2026,SY2025-26,IMRF Support Staff,RAHMAN,ADEEBAH,REGISTERED NURSE,79909,102966,no
2026,SY2025-26,IMRF Support Staff,STORY,CAMILLE,REGISTERED NURSE,79483,102966,no
2026,SY2025-26,IMRF Support Staff,WASHINGTON,SHANON,CUSTODIAN HEAD,78808,102966,no
2026,SY2025-26,IMRF Support Staff,MCARTHUR,KELLIANN,FAMILY SUPPORT SPECIALIST EC,78463,102966,no
2026,SY2025-26,IMRF Support Staff,SEVEROVIC,IVANA,PHYSICAL THERAPIST,78455,102966,no
2026,SY2025-26,IMRF Support Staff,MARTINEZ,EFRAIN,CUSTODIAN SECOND,78116,102966,no
2026,SY2025-26,IMRF Support Staff,BEASLEY,ESTHER,ADMINISTRATIVE ASSISTANT ECC,77876,102966,no
2026,SY2025-26,IMRF Support Staff,MUNOZ,JOSE,CUSTODIAN HEAD,77144,102966,no
2026,SY2025-26,IMRF Support Staff,CLARK,AISHA,SACC COORDINATOR OF EXTEND,76982,102966,no
2026,SY2025-26,IMRF Support Staff,BARRETT,JUANITA,REGISTERED NURSE,76934,102966,no
2026,SY2025-26,IMRF Support Staff,ALEXANDER,BENJAMIN,TECHNOLOGY SPECIALIST,76386,102966,no
2026,SY2025-26,Principal,CARDENAS-LOPEZ,ELIZABETH,PRINCIPAL,202384,102966,YES
2026,SY2025-26,Principal,LATTING,CHRISTOPHER,PRINCIPAL,194901,102966,YES
2026,SY2025-26,Principal,SAMUELS,AMBER,PRINCIPAL,193368,102966,YES
2026,SY2025-26,Principal,CALLOWAY,REBECCA,PRINCIPAL,193282,102966,YES
2026,SY2025-26,Principal,FISHMAN,NICOLE,PRINCIPAL,191938,102966,YES
2026,SY2025-26,Principal,ANDERSON,JILLIAN,PRINCIPAL,191719,102966,YES
2026,SY2025-26,Principal,DAVIS,DAVID,PRINCIPAL,185801,102966,YES
2026,SY2025-26,Principal,PINSOF,LAURA,PRINCIPAL,184899,102966,YES
2026,SY2025-26,Principal,ROBINSON,CHRISTOPHER,PRINCIPAL,182958,102966,YES
2026,SY2025-26,Principal,MENDEZ,CARLOS,ASSISTANT PRINCIPAL,180277,102966,YES
2026,SY2025-26,Principal,NEWSOME,ANNA MARIE,PRINCIPAL,179936,102966,YES
2026,SY2025-26,Principal,GRAY,JAMES,PRINCIPAL,176474,102966,YES
2026,SY2025-26,Principal,RIEMENSCHNEIDER,ANN,PRINCIPAL,174534,102966,YES
2026,SY2025-26,Principal,SCHOEFFMANN,ALISON,PRINCIPAL,174198,102966,YES
2026,SY2025-26,Principal,BRUNSON,ERICA,ASSISTANT PRINCIPAL,170764,102966,YES
2026,SY2025-26,Principal,DIXON,EBONI,ASSISTANT PRINCIPAL,166073,102966,YES
2026,SY2025-26,Principal,CHAPMAN,TIFFANY,ASSISTANT PRINCIPAL,165238,102966,YES
2026,SY2025-26,Principal,SMITH,THOMAS,ASSISTANT PRINCIPAL,160637,102966,YES
2026,SY2025-26,Principal,YEPEZ,SUSANA,ASSISTANT PRINCIPAL,160576,102966,YES
2026,SY2025-26,Principal,HOFELD,ALYSSA,ASSISTANT PRINCIPAL,158102,102966,YES
2026,SY2025-26,Principal,ERNVALL,STACEY,ASSISTANT PRINCIPAL,158060,102966,YES
2026,SY2025-26,Principal,WHALEY,ALEXIS,ASSISTANT PRINCIPAL,157996,102966,YES
2026,SY2025-26,Principal,BERKEL,CHARLISE,PRINCIPAL,156408,102966,YES
2026,SY2025-26,Principal,QUINN,TERESA,PRINCIPAL,156313,102966,YES
2026,SY2025-26,Principal,BATTLE,KHLOE,PRINCIPAL,152936,102966,YES
2026,SY2025-26,Principal,BOURNES-THOMAS,MICHELLE,ASSISTANT PRINCIPAL,149310,102966,YES
2026,SY2025-26,Principal,ANTRIM-CAMBIUM,SARAH,ASSISTANT PRINCIPAL,147687,102966,YES
2026,SY2025-26,Principal,WHARTON,AMY,ASSISTANT PRINCIPAL,146822,102966,YES
2026,SY2025-26,TRS Admin,TURNER,ANGEL,SUPERINTENDENT,286379,102966,YES
2026,SY2025-26,TRS Admin,MITCHELL,TAMARA,CHIEF FINANCIAL OFFICER,259525,102966,YES
2026,SY2025-26,TRS Admin,BEARDSLEY,STACY,ASSISTANT SUPERINTENDENT OF ACCO,239475,102966,YES
2026,SY2025-26,TRS Admin,MCCOY,CHARMEKIA,DIRECTOR OF SCHOOLS MANAGEMENT,213372,102966,YES
2026,SY2025-26,TRS Admin,PLAZA,JESSICA,DIRECTOR OF MTSS & SEL,200953,102966,YES
2026,SY2025-26,TRS Admin,TAYLOR,TIFFANY,EXECUTIVE CHIEF OF HUMAN RELATION,200181,102966,YES
2026,SY2025-26,TRS Admin,SPETH,KATHLEEN,ASSISTANT SUPERINTENDENT OF ACADE,195428,102966,YES
2026,SY2025-26,TRS Admin,PARHAM,NARISHEA,DIRECTOR OF EARLY CHILDHOOD PROG,194808,102966,YES
2026,SY2025-26,TRS Admin,SMITH,HEATHER,DIRECTOR OF FINANCE,192453,102966,YES
2026,SY2025-26,TRS Admin,CHAMBERS,EMILY,MANAGER OF STUD SPECIALIZED SERVI,186905,102966,YES
2026,SY2025-26,TRS Admin,COLQUITT,REGINA,DIRECTOR OF HUMANITIES,182364,102966,YES
2026,SY2025-26,TRS Admin,MESSINGER,MELISSA,EXECUTIVE CHIEF OF COMMUNICATIONS,181904,102966,YES
2026,SY2025-26,TRS Admin,CROSS,DONNA,EXECUTIVE DIRECTOR OF RAAD,177066,102966,YES
2026,SY2025-26,TRS Admin,SULEK,VIRGINIA,DIRECTOR OF STUDENT SPECIALIZED SE,175972,102966,YES
2026,SY2025-26,TRS Admin,RADHAKRISHNAN,SOUNDARYA,DIRECTOR OF STEAM,173684,102966,YES
2026,SY2025-26,TRS Admin,CACERES,ELENA,EXECUTIVE DIRECTOR OF TECHNOLOGY,170188,102966,YES
2026,SY2025-26,TRS Admin,CALLAM,KIRBY,DIRECTOR OF STRATEGIC PROJECTS,167060,102966,YES
2026,SY2025-26,TRS Admin,CHAMPAGNE,SABINE,DIRECTOR OF HUMAN RELATIONS,165448,102966,YES
2026,SY2025-26,TRS Admin,CORREA,AMY,DIRECTOR OF MULTILINGUAL SERVICES,162675,102966,YES
2026,SY2025-26,TRS Admin,HARRIS,BRYON,DIRECTOR OF CLIMATE & SAFETY,152407,102966,YES
2026,SY2025-26,TRS Admin,WHYTE,OMAR,"DIRECTOR OF BUILDINGS, GROUNDS & T",148542,102966,YES
2026,SY2025-26,TRS Admin,OSHER,DEBORAH,DIRECTOR OF PROGRAMS & PARTNERSH,147453,102966,YES
2026,SY2025-26,TRS Admin,LEE,THERESA,ASST DIRECTOR OF TEACHING & LEARNI,146415,102966,YES
2026,SY2025-26,TRS Admin,MCCULLOUGH,JEANNE,HEALTH SERVICES DIRECTOR,143810,102966,YES
