fiscal_year,old_method_pool,corrected_pool,difference_removed
2012,15362840.0,12738194.0,2624645.0
2013,15120966.0,12647154.0,2473812.0
2014,16173308.0,13674457.0,2498850.0
2015,16745570.0,14295906.0,2449664.0
2016,16559282.0,14114484.0,2444798.0
2017,17971089.0,15681693.0,2289396.0
2018,17939209.0,15741869.0,2197340.0
2019,17748476.0,15486517.0,2261959.0
2020,18521877.0,16239024.0,2282853.0
2021,19689980.0,17564271.0,2125709.0
2022,19569673.0,17355746.0,2213927.0
2023,21480337.0,19171934.0,2308403.0
2024,20745800.0,18329553.0,2416246.0
2025,19991858.0,17478588.0,2513270.0
